,Accuracy,F1
Phase4,0.710594315245478,0.692361958761449
CLIP,0.45219638242894056,0.4893368863855185
