Modality,Accuracy,Precision,Recall,Weighted F1,Neutral F1
Text + Image (Full),0.7475490196078431,0.7485536712252995,0.7475490196078431,0.7399442605324958,0.5217391304347826
Text Only,0.6053921568627451,0.5224983900215229,0.6053921568627451,0.5268369974252326,0.0
Image Only,0.6764705882352942,0.7299907175726503,0.6764705882352942,0.6872506975900191,0.528
