epoch,train_loss,train_acc,train_f1,val_loss,val_acc,val_f1
1,0.853502060295245,0.6103933390755096,0.5449820134170952,0.7430870876862452,0.6563307493540051,0.5837105527392787
2,0.7429275643934897,0.6792994544932529,0.6514693987599303,0.6991947304743987,0.6692506459948321,0.6272778823103179
3,0.6785960839975864,0.7123169681309216,0.6943077614771493,0.6892753965579547,0.6821705426356589,0.6637937040667149
4,0.6530671352093372,0.7085845535457939,0.6954369014099865,0.690540700004651,0.6718346253229974,0.6481575687416498
5,0.6081189343688684,0.7372954349698536,0.7254069914694807,0.690131887793541,0.6950904392764858,0.6794653265083375
6,0.5742698005580027,0.753373528567327,0.7448153179394668,0.6901922587018746,0.689922480620155,0.6731323016301185
7,0.5336548576661206,0.7717484926787253,0.7649161686557469,0.7017138835329276,0.6770025839793282,0.649915860768574
8,0.5354506305051506,0.7763422337065748,0.7691469676333824,0.6947500012241877,0.6640826873385013,0.6402203584429672
