epoch,train_loss,train_f1,val_loss,val_f1,neutral_f1
1,0.4811556442924168,0.7432915240240816,0.6494864500485934,0.7399442605324958,0.5217391304347826
2,0.43891372266023054,0.7583082522959854,0.6744696612541492,0.6994974154255592,0.4307692307692308
3,0.41160242285417475,0.7791981784523779,0.6665766078692216,0.6804695826705442,0.43478260869565216
4,0.39092648923397066,0.7920671498206489,0.6755905472315274,0.6917924085020049,0.4155844155844156
5,0.3603617604659951,0.8162925655308894,0.6804560285348159,0.7069981041253373,0.4657534246575342
